{
    "type": "scatter",
    "title": "Phasma-Phoney File Dependency Map",
    "labels": [],
    "datasets": [
        {
            "label": null,
            "data": [
                {
                    "x": 0.8567449167663643,
                    "y": 0.06385855908039692
                },
                {
                    "x": -0.06988775635057007,
                    "y": 0.0524194612727484
                },
                {
                    "x": -0.34710498406194545,
                    "y": -0.099603060949442
                },
                {
                    "x": -0.3168188827073051,
                    "y": 0.7691485337235487
                },
                {
                    "x": -0.5619243305374734,
                    "y": 0.6095803001946528
                },
                {
                    "x": -0.12109463617430348,
                    "y": 0.3589230442785204
                },
                {
                    "x": 0.4047748572129561,
                    "y": -0.02199496708356721
                },
                {
                    "x": -0.05635006900808091,
                    "y": 0.2756500385718652
                },
                {
                    "x": 0.3278575919099854,
                    "y": 0.6182825760256457
                },
                {
                    "x": 0.14837939790215596,
                    "y": 0.33577986244737534
                },
                {
                    "x": 0.5474484251263232,
                    "y": -0.826988453508662
                },
                {
                    "x": -0.3670740894491047,
                    "y": 0.4866276768361797
                },
                {
                    "x": 0.29932896930607045,
                    "y": -0.8286682565090016
                },
                {
                    "x": 0.12341211849212835,
                    "y": -1.0
                },
                {
                    "x": 0.33135786930640737,
                    "y": 0.7531832255485407
                },
                {
                    "x": 0.7430657108966273,
                    "y": -0.32199742370471574
                },
                {
                    "x": -0.15484850565871874,
                    "y": -0.932332295163165
                },
                {
                    "x": -0.18265118395977178,
                    "y": 0.17044170377735296
                },
                {
                    "x": 0.26552686937265846,
                    "y": 0.2673879741313564
                },
                {
                    "x": 0.06476874563555435,
                    "y": -0.0018549056916567495
                },
                {
                    "x": -0.13433896334550643,
                    "y": 0.008026306225660248
                },
                {
                    "x": 0.1151362807495604,
                    "y": 0.5916891683018081
                },
                {
                    "x": -0.8870821644904869,
                    "y": -0.21800628849835477
                },
                {
                    "x": 0.6785035810173403,
                    "y": -0.598898838087438
                },
                {
                    "x": 0.692221079889605,
                    "y": 0.49577178658443405
                },
                {
                    "x": -0.8368644180115924,
                    "y": -0.597647953697632
                },
                {
                    "x": -0.6173034653699923,
                    "y": -0.8458573443434352
                },
                {
                    "x": -0.044177163943947634,
                    "y": 0.831749967034894
                },
                {
                    "x": -0.9022543842351205,
                    "y": 0.09533442034704227
                },
                {
                    "x": -0.029519069275532044,
                    "y": -0.2110197119428601
                },
                {
                    "x": 0.030767652995713872,
                    "y": -0.2789851052020889
                }
            ],
            "colors": []
        }
    ],
    "x_label": "",
    "y_label": ""
}